start,1
aS100C1,1
bS100C1,1
cS100C1,1
dS100C1,1
eS100C1,1
fS100C1,1
gS100C1,1
hS100C1,1
iS100C1,1
jS100C1,1
kS100C1,1
lS100C1,1
mS100C1,1
nS100C1,1
oS100C1,1
pS100C1,1
qS100C1,1
rS100C1,1
sS100C1,1
tS100C1,1
uS100C1,1
vS100C1,1
wS100C1,1
xS100C1,1
yS100C1,1
zS100C1,1
AS010C1,1
BS010C1,1
CS010C1,1
DS010C1,1
ES010C1,1
FS010C1,1
GS010C1,1
HS010C1,1
IS010C1,1
JS010C1,1
KS010C1,1
LS010C1,1
MS010C1,1
NS010C1,1
OS010C1,1
PS010C1,1
QS010C1,1
RS010C1,1
SS010C1,1
TS010C1,1
US010C1,1
VS010C1,1
WS010C1,1
XS010C1,1
YS010C1,1
ZS010C1,1
1S001C1,1
2S001C1,1
3S001C1,1
4S001C1,1
5S001C1,1
6S001C1,1
7S001C1,1
8S001C1,1
9S001C1,1
0S001C1,1
aS100C2,1
cS100C2,1
dS100C2,1
eS100C2,1
fS100C2,1
gS100C2,1
hS100C2,1
iS100C2,1
jS100C2,1
kS100C2,1
lS100C2,1
mS100C2,1
nS100C2,1
oS100C2,1
pS100C2,1
qS100C2,1
rS100C2,1
sS100C2,1
tS100C2,1
uS100C2,1
vS100C2,1
wS100C2,1
xS100C2,1
yS100C2,1
zS100C2,1
AS110C2,1
BS110C2,1
CS110C2,1
DS110C2,1
ES110C2,1
FS110C2,1
GS110C2,1
HS110C2,1
IS110C2,1
JS110C2,1
KS110C2,1
LS110C2,1
MS110C2,1
NS110C2,1
OS110C2,1
PS110C2,1
QS110C2,1
RS110C2,1
SS110C2,1
TS110C2,1
US110C2,1
VS110C2,1
WS110C2,1
XS110C2,1
YS110C2,1
ZS110C2,1
1S101C2,1
2S101C2,1
3S101C2,1
4S101C2,1
5S101C2,1
6S101C2,1
7S101C2,1
8S101C2,1
9S101C2,1
0S101C2,1
bS100C2,1
aS110C2,1
bS110C2,1
cS110C2,1
dS110C2,1
eS110C2,1
fS110C2,1
gS110C2,1
hS110C2,1
iS110C2,1
jS110C2,1
kS110C2,1
lS110C2,1
mS110C2,1
nS110C2,1
oS110C2,1
pS110C2,1
qS110C2,1
rS110C2,1
sS110C2,1
tS110C2,1
uS110C2,1
vS110C2,1
wS110C2,1
xS110C2,1
yS110C2,1
zS110C2,1
AS010C2,1
CS010C2,1
DS010C2,1
ES010C2,1
FS010C2,1
GS010C2,1
HS010C2,1
IS010C2,1
JS010C2,1
KS010C2,1
LS010C2,1
MS010C2,1
NS010C2,1
OS010C2,1
PS010C2,1
QS010C2,1
RS010C2,1
SS010C2,1
TS010C2,1
US010C2,1
VS010C2,1
WS010C2,1
XS010C2,1
YS010C2,1
ZS010C2,1
1S011C2,1
2S011C2,1
3S011C2,1
4S011C2,1
5S011C2,1
6S011C2,1
7S011C2,1
8S011C2,1
9S011C2,1
0S011C2,1
BS010C2,1
aS101C2,1
bS101C2,1
cS101C2,1
dS101C2,1
eS101C2,1
fS101C2,1
gS101C2,1
hS101C2,1
iS101C2,1
jS101C2,1
kS101C2,1
lS101C2,1
mS101C2,1
nS101C2,1
oS101C2,1
pS101C2,1
qS101C2,1
rS101C2,1
sS101C2,1
tS101C2,1
uS101C2,1
vS101C2,1
wS101C2,1
xS101C2,1
yS101C2,1
zS101C2,1
AS011C2,1
BS011C2,1
CS011C2,1
DS011C2,1
ES011C2,1
FS011C2,1
GS011C2,1
HS011C2,1
IS011C2,1
JS011C2,1
KS011C2,1
LS011C2,1
MS011C2,1
NS011C2,1
OS011C2,1
PS011C2,1
QS011C2,1
RS011C2,1
SS011C2,1
TS011C2,1
US011C2,1
VS011C2,1
WS011C2,1
XS011C2,1
YS011C2,1
ZS011C2,1
1S001C2,1
3S001C2,1
4S001C2,1
5S001C2,1
6S001C2,1
7S001C2,1
8S001C2,1
9S001C2,1
0S001C2,1
2S001C2,1
aS100C3,1
cS100C3,1
dS100C3,1
eS100C3,1
fS100C3,1
gS100C3,1
hS100C3,1
iS100C3,1
jS100C3,1
kS100C3,1
lS100C3,1
mS100C3,1
nS100C3,1
oS100C3,1
pS100C3,1
qS100C3,1
rS100C3,1
sS100C3,1
tS100C3,1
uS100C3,1
vS100C3,1
wS100C3,1
xS100C3,1
yS100C3,1
zS100C3,1
AS110C3,1
BS110C3,1
CS110C3,1
DS110C3,1
ES110C3,1
FS110C3,1
GS110C3,1
HS110C3,1
IS110C3,1
JS110C3,1
KS110C3,1
LS110C3,1
MS110C3,1
NS110C3,1
OS110C3,1
PS110C3,1
QS110C3,1
RS110C3,1
SS110C3,1
TS110C3,1
US110C3,1
VS110C3,1
WS110C3,1
XS110C3,1
YS110C3,1
ZS110C3,1
1S101C3,1
2S101C3,1
3S101C3,1
4S101C3,1
5S101C3,1
6S101C3,1
7S101C3,1
8S101C3,1
9S101C3,1
0S101C3,1
bS100C3,1
aS110C3,1
bS110C3,1
cS110C3,1
dS110C3,1
eS110C3,1
fS110C3,1
gS110C3,1
hS110C3,1
iS110C3,1
jS110C3,1
kS110C3,1
lS110C3,1
mS110C3,1
nS110C3,1
oS110C3,1
pS110C3,1
qS110C3,1
rS110C3,1
sS110C3,1
tS110C3,1
uS110C3,1
vS110C3,1
wS110C3,1
xS110C3,1
yS110C3,1
zS110C3,1
1S111C3,1
2S111C3,1
3S111C3,1
4S111C3,1
5S111C3,1
6S111C3,1
7S111C3,1
8S111C3,1
9S111C3,1
0S111C3,1
aS101C3,1
bS101C3,1
cS101C3,1
dS101C3,1
eS101C3,1
fS101C3,1
gS101C3,1
hS101C3,1
iS101C3,1
jS101C3,1
kS101C3,1
lS101C3,1
mS101C3,1
nS101C3,1
oS101C3,1
pS101C3,1
qS101C3,1
rS101C3,1
sS101C3,1
tS101C3,1
uS101C3,1
vS101C3,1
wS101C3,1
xS101C3,1
yS101C3,1
zS101C3,1
AS111C3,1
BS111C3,1
CS111C3,1
DS111C3,1
ES111C3,1
FS111C3,1
GS111C3,1
HS111C3,1
IS111C3,1
JS111C3,1
KS111C3,1
LS111C3,1
MS111C3,1
NS111C3,1
OS111C3,1
PS111C3,1
QS111C3,1
RS111C3,1
SS111C3,1
TS111C3,1
US111C3,1
VS111C3,1
WS111C3,1
XS111C3,1
YS111C3,1
ZS111C3,1
AS010C3,1
CS010C3,1
DS010C3,1
ES010C3,1
FS010C3,1
GS010C3,1
HS010C3,1
IS010C3,1
JS010C3,1
KS010C3,1
LS010C3,1
MS010C3,1
NS010C3,1
OS010C3,1
PS010C3,1
QS010C3,1
RS010C3,1
SS010C3,1
TS010C3,1
US010C3,1
VS010C3,1
WS010C3,1
XS010C3,1
YS010C3,1
ZS010C3,1
1S011C3,1
2S011C3,1
3S011C3,1
4S011C3,1
5S011C3,1
6S011C3,1
7S011C3,1
8S011C3,1
9S011C3,1
0S011C3,1
BS010C3,1
aS111C3,1
bS111C3,1
cS111C3,1
dS111C3,1
eS111C3,1
fS111C3,1
gS111C3,1
hS111C3,1
iS111C3,1
jS111C3,1
kS111C3,1
lS111C3,1
mS111C3,1
nS111C3,1
oS111C3,1
pS111C3,1
qS111C3,1
rS111C3,1
sS111C3,1
tS111C3,1
uS111C3,1
vS111C3,1
wS111C3,1
xS111C3,1
yS111C3,1
zS111C3,1
AS011C3,1
BS011C3,1
CS011C3,1
DS011C3,1
ES011C3,1
FS011C3,1
GS011C3,1
HS011C3,1
IS011C3,1
JS011C3,1
KS011C3,1
LS011C3,1
MS011C3,1
NS011C3,1
OS011C3,1
PS011C3,1
QS011C3,1
RS011C3,1
SS011C3,1
TS011C3,1
US011C3,1
VS011C3,1
WS011C3,1
XS011C3,1
YS011C3,1
ZS011C3,1
1S001C3,1
3S001C3,1
4S001C3,1
5S001C3,1
6S001C3,1
7S001C3,1
8S001C3,1
9S001C3,1
0S001C3,1
2S001C3,1
aS100C4,1
cS100C4,1
dS100C4,1
eS100C4,1
fS100C4,1
gS100C4,1
hS100C4,1
iS100C4,1
jS100C4,1
kS100C4,1
lS100C4,1
mS100C4,1
nS100C4,1
oS100C4,1
pS100C4,1
qS100C4,1
rS100C4,1
sS100C4,1
tS100C4,1
uS100C4,1
vS100C4,1
wS100C4,1
xS100C4,1
yS100C4,1
zS100C4,1
AS110C4,1
BS110C4,1
CS110C4,1
DS110C4,1
ES110C4,1
FS110C4,1
GS110C4,1
HS110C4,1
IS110C4,1
JS110C4,1
KS110C4,1
LS110C4,1
MS110C4,1
NS110C4,1
OS110C4,1
PS110C4,1
QS110C4,1
RS110C4,1
SS110C4,1
TS110C4,1
US110C4,1
VS110C4,1
WS110C4,1
XS110C4,1
YS110C4,1
ZS110C4,1
1S101C4,1
2S101C4,1
3S101C4,1
4S101C4,1
5S101C4,1
6S101C4,1
7S101C4,1
8S101C4,1
9S101C4,1
0S101C4,1
bS100C4,1
aS110C4,1
bS110C4,1
cS110C4,1
dS110C4,1
eS110C4,1
fS110C4,1
gS110C4,1
hS110C4,1
iS110C4,1
jS110C4,1
kS110C4,1
lS110C4,1
mS110C4,1
nS110C4,1
oS110C4,1
pS110C4,1
qS110C4,1
rS110C4,1
sS110C4,1
tS110C4,1
uS110C4,1
vS110C4,1
wS110C4,1
xS110C4,1
yS110C4,1
zS110C4,1
1S111C4,1
2S111C4,1
3S111C4,1
4S111C4,1
5S111C4,1
6S111C4,1
7S111C4,1
8S111C4,1
9S111C4,1
0S111C4,1
aS101C4,1
bS101C4,1
cS101C4,1
dS101C4,1
eS101C4,1
fS101C4,1
gS101C4,1
hS101C4,1
iS101C4,1
jS101C4,1
kS101C4,1
lS101C4,1
mS101C4,1
nS101C4,1
oS101C4,1
pS101C4,1
qS101C4,1
rS101C4,1
sS101C4,1
tS101C4,1
uS101C4,1
vS101C4,1
wS101C4,1
xS101C4,1
yS101C4,1
zS101C4,1
AS111C4,1
BS111C4,1
CS111C4,1
DS111C4,1
ES111C4,1
FS111C4,1
GS111C4,1
HS111C4,1
IS111C4,1
JS111C4,1
KS111C4,1
LS111C4,1
MS111C4,1
NS111C4,1
OS111C4,1
PS111C4,1
QS111C4,1
RS111C4,1
SS111C4,1
TS111C4,1
US111C4,1
VS111C4,1
WS111C4,1
XS111C4,1
YS111C4,1
ZS111C4,1
aS111C4,1
bS111C4,1
cS111C4,1
dS111C4,1
eS111C4,1
fS111C4,1
gS111C4,1
hS111C4,1
iS111C4,1
jS111C4,1
kS111C4,1
lS111C4,1
mS111C4,1
nS111C4,1
oS111C4,1
pS111C4,1
qS111C4,1
rS111C4,1
sS111C4,1
tS111C4,1
uS111C4,1
vS111C4,1
wS111C4,1
xS111C4,1
yS111C4,1
zS111C4,1
AS010C4,1
CS010C4,1
DS010C4,1
ES010C4,1
FS010C4,1
GS010C4,1
HS010C4,1
IS010C4,1
JS010C4,1
KS010C4,1
LS010C4,1
MS010C4,1
NS010C4,1
OS010C4,1
PS010C4,1
QS010C4,1
RS010C4,1
SS010C4,1
TS010C4,1
US010C4,1
VS010C4,1
WS010C4,1
XS010C4,1
YS010C4,1
ZS010C4,1
1S011C4,1
2S011C4,1
3S011C4,1
4S011C4,1
5S011C4,1
6S011C4,1
7S011C4,1
8S011C4,1
9S011C4,1
0S011C4,1
BS010C4,1
AS011C4,1
BS011C4,1
CS011C4,1
DS011C4,1
ES011C4,1
FS011C4,1
GS011C4,1
HS011C4,1
IS011C4,1
JS011C4,1
KS011C4,1
LS011C4,1
MS011C4,1
NS011C4,1
OS011C4,1
PS011C4,1
QS011C4,1
RS011C4,1
SS011C4,1
TS011C4,1
US011C4,1
VS011C4,1
WS011C4,1
XS011C4,1
YS011C4,1
ZS011C4,1
1S001C4,1
3S001C4,1
4S001C4,1
5S001C4,1
6S001C4,1
7S001C4,1
8S001C4,1
9S001C4,1
0S001C4,1
2S001C4,1
aS100C5,1
cS100C5,1
dS100C5,1
eS100C5,1
fS100C5,1
gS100C5,1
hS100C5,1
iS100C5,1
jS100C5,1
kS100C5,1
lS100C5,1
mS100C5,1
nS100C5,1
oS100C5,1
pS100C5,1
qS100C5,1
rS100C5,1
sS100C5,1
tS100C5,1
uS100C5,1
vS100C5,1
wS100C5,1
xS100C5,1
yS100C5,1
zS100C5,1
AS110C5,1
BS110C5,1
CS110C5,1
DS110C5,1
ES110C5,1
FS110C5,1
GS110C5,1
HS110C5,1
IS110C5,1
JS110C5,1
KS110C5,1
LS110C5,1
MS110C5,1
NS110C5,1
OS110C5,1
PS110C5,1
QS110C5,1
RS110C5,1
SS110C5,1
TS110C5,1
US110C5,1
VS110C5,1
WS110C5,1
XS110C5,1
YS110C5,1
ZS110C5,1
1S101C5,1
2S101C5,1
3S101C5,1
4S101C5,1
5S101C5,1
6S101C5,1
7S101C5,1
8S101C5,1
9S101C5,1
0S101C5,1
bS100C5,1
aS110C5,1
bS110C5,1
cS110C5,1
dS110C5,1
eS110C5,1
fS110C5,1
gS110C5,1
hS110C5,1
iS110C5,1
jS110C5,1
kS110C5,1
lS110C5,1
mS110C5,1
nS110C5,1
oS110C5,1
pS110C5,1
qS110C5,1
rS110C5,1
sS110C5,1
tS110C5,1
uS110C5,1
vS110C5,1
wS110C5,1
xS110C5,1
yS110C5,1
zS110C5,1
1S111C5,1
2S111C5,1
3S111C5,1
4S111C5,1
5S111C5,1
6S111C5,1
7S111C5,1
8S111C5,1
9S111C5,1
0S111C5,1
aS101C5,1
bS101C5,1
cS101C5,1
dS101C5,1
eS101C5,1
fS101C5,1
gS101C5,1
hS101C5,1
iS101C5,1
jS101C5,1
kS101C5,1
lS101C5,1
mS101C5,1
nS101C5,1
oS101C5,1
pS101C5,1
qS101C5,1
rS101C5,1
sS101C5,1
tS101C5,1
uS101C5,1
vS101C5,1
wS101C5,1
xS101C5,1
yS101C5,1
zS101C5,1
AS111C5,1
BS111C5,1
CS111C5,1
DS111C5,1
ES111C5,1
FS111C5,1
GS111C5,1
HS111C5,1
IS111C5,1
JS111C5,1
KS111C5,1
LS111C5,1
MS111C5,1
NS111C5,1
OS111C5,1
PS111C5,1
QS111C5,1
RS111C5,1
SS111C5,1
TS111C5,1
US111C5,1
VS111C5,1
WS111C5,1
XS111C5,1
YS111C5,1
ZS111C5,1
aS111C5,1
bS111C5,1
cS111C5,1
dS111C5,1
eS111C5,1
fS111C5,1
gS111C5,1
hS111C5,1
iS111C5,1
jS111C5,1
kS111C5,1
lS111C5,1
mS111C5,1
nS111C5,1
oS111C5,1
pS111C5,1
qS111C5,1
rS111C5,1
sS111C5,1
tS111C5,1
uS111C5,1
vS111C5,1
wS111C5,1
xS111C5,1
yS111C5,1
zS111C5,1
AS010C5,1
CS010C5,1
DS010C5,1
ES010C5,1
FS010C5,1
GS010C5,1
HS010C5,1
IS010C5,1
JS010C5,1
KS010C5,1
LS010C5,1
MS010C5,1
NS010C5,1
OS010C5,1
PS010C5,1
QS010C5,1
RS010C5,1
SS010C5,1
TS010C5,1
US010C5,1
VS010C5,1
WS010C5,1
XS010C5,1
YS010C5,1
ZS010C5,1
1S011C5,1
2S011C5,1
3S011C5,1
4S011C5,1
5S011C5,1
6S011C5,1
7S011C5,1
8S011C5,1
9S011C5,1
0S011C5,1
BS010C5,1
AS011C5,1
BS011C5,1
CS011C5,1
DS011C5,1
ES011C5,1
FS011C5,1
GS011C5,1
HS011C5,1
IS011C5,1
JS011C5,1
KS011C5,1
LS011C5,1
MS011C5,1
NS011C5,1
OS011C5,1
PS011C5,1
QS011C5,1
RS011C5,1
SS011C5,1
TS011C5,1
US011C5,1
VS011C5,1
WS011C5,1
XS011C5,1
YS011C5,1
ZS011C5,1
1S001C5,1
3S001C5,1
4S001C5,1
5S001C5,1
6S001C5,1
7S001C5,1
8S001C5,1
9S001C5,1
0S001C5,1
2S001C5,1
aS100C6,1
cS100C6,1
dS100C6,1
eS100C6,1
fS100C6,1
gS100C6,1
hS100C6,1
iS100C6,1
jS100C6,1
kS100C6,1
lS100C6,1
mS100C6,1
nS100C6,1
oS100C6,1
pS100C6,1
qS100C6,1
rS100C6,1
sS100C6,1
tS100C6,1
uS100C6,1
vS100C6,1
wS100C6,1
xS100C6,1
yS100C6,1
zS100C6,1
AS110C6,1
BS110C6,1
CS110C6,1
DS110C6,1
ES110C6,1
FS110C6,1
GS110C6,1
HS110C6,1
IS110C6,1
JS110C6,1
KS110C6,1
LS110C6,1
MS110C6,1
NS110C6,1
OS110C6,1
PS110C6,1
QS110C6,1
RS110C6,1
SS110C6,1
TS110C6,1
US110C6,1
VS110C6,1
WS110C6,1
XS110C6,1
YS110C6,1
ZS110C6,1
1S101C6,1
2S101C6,1
3S101C6,1
4S101C6,1
5S101C6,1
6S101C6,1
7S101C6,1
8S101C6,1
9S101C6,1
0S101C6,1
bS100C6,1
aS110C6,1
bS110C6,1
cS110C6,1
dS110C6,1
eS110C6,1
fS110C6,1
gS110C6,1
hS110C6,1
iS110C6,1
jS110C6,1
kS110C6,1
lS110C6,1
mS110C6,1
nS110C6,1
oS110C6,1
pS110C6,1
qS110C6,1
rS110C6,1
sS110C6,1
tS110C6,1
uS110C6,1
vS110C6,1
wS110C6,1
xS110C6,1
yS110C6,1
zS110C6,1
1S111C6,1
2S111C6,1
3S111C6,1
4S111C6,1
5S111C6,1
6S111C6,1
7S111C6,1
8S111C6,1
9S111C6,1
0S111C6,1
aS101C6,1
bS101C6,1
cS101C6,1
dS101C6,1
eS101C6,1
fS101C6,1
gS101C6,1
hS101C6,1
iS101C6,1
jS101C6,1
kS101C6,1
lS101C6,1
mS101C6,1
nS101C6,1
oS101C6,1
pS101C6,1
qS101C6,1
rS101C6,1
sS101C6,1
tS101C6,1
uS101C6,1
vS101C6,1
wS101C6,1
xS101C6,1
yS101C6,1
zS101C6,1
AS111C6,1
BS111C6,1
CS111C6,1
DS111C6,1
ES111C6,1
FS111C6,1
GS111C6,1
HS111C6,1
IS111C6,1
JS111C6,1
KS111C6,1
LS111C6,1
MS111C6,1
NS111C6,1
OS111C6,1
PS111C6,1
QS111C6,1
RS111C6,1
SS111C6,1
TS111C6,1
US111C6,1
VS111C6,1
WS111C6,1
XS111C6,1
YS111C6,1
ZS111C6,1
aS111C6,1
bS111C6,1
cS111C6,1
dS111C6,1
eS111C6,1
fS111C6,1
gS111C6,1
hS111C6,1
iS111C6,1
jS111C6,1
kS111C6,1
lS111C6,1
mS111C6,1
nS111C6,1
oS111C6,1
pS111C6,1
qS111C6,1
rS111C6,1
sS111C6,1
tS111C6,1
uS111C6,1
vS111C6,1
wS111C6,1
xS111C6,1
yS111C6,1
zS111C6,1
AS010C6,1
CS010C6,1
DS010C6,1
ES010C6,1
FS010C6,1
GS010C6,1
HS010C6,1
IS010C6,1
JS010C6,1
KS010C6,1
LS010C6,1
MS010C6,1
NS010C6,1
OS010C6,1
PS010C6,1
QS010C6,1
RS010C6,1
SS010C6,1
TS010C6,1
US010C6,1
VS010C6,1
WS010C6,1
XS010C6,1
YS010C6,1
ZS010C6,1
1S011C6,1
2S011C6,1
3S011C6,1
4S011C6,1
5S011C6,1
6S011C6,1
7S011C6,1
8S011C6,1
9S011C6,1
0S011C6,1
BS010C6,1
AS011C6,1
BS011C6,1
CS011C6,1
DS011C6,1
ES011C6,1
FS011C6,1
GS011C6,1
HS011C6,1
IS011C6,1
JS011C6,1
KS011C6,1
LS011C6,1
MS011C6,1
NS011C6,1
OS011C6,1
PS011C6,1
QS011C6,1
RS011C6,1
SS011C6,1
TS011C6,1
US011C6,1
VS011C6,1
WS011C6,1
XS011C6,1
YS011C6,1
ZS011C6,1
1S001C6,1
3S001C6,1
4S001C6,1
5S001C6,1
6S001C6,1
7S001C6,1
8S001C6,1
9S001C6,1
0S001C6,1
2S001C6,1
aS100C7,1
cS100C7,1
dS100C7,1
eS100C7,1
fS100C7,1
gS100C7,1
hS100C7,1
iS100C7,1
jS100C7,1
kS100C7,1
lS100C7,1
mS100C7,1
nS100C7,1
oS100C7,1
pS100C7,1
qS100C7,1
rS100C7,1
sS100C7,1
tS100C7,1
uS100C7,1
vS100C7,1
wS100C7,1
xS100C7,1
yS100C7,1
zS100C7,1
AS110C7,1
BS110C7,1
CS110C7,1
DS110C7,1
ES110C7,1
FS110C7,1
GS110C7,1
HS110C7,1
IS110C7,1
JS110C7,1
KS110C7,1
LS110C7,1
MS110C7,1
NS110C7,1
OS110C7,1
PS110C7,1
QS110C7,1
RS110C7,1
SS110C7,1
TS110C7,1
US110C7,1
VS110C7,1
WS110C7,1
XS110C7,1
YS110C7,1
ZS110C7,1
1S101C7,1
2S101C7,1
3S101C7,1
4S101C7,1
5S101C7,1
6S101C7,1
7S101C7,1
8S101C7,1
9S101C7,1
0S101C7,1
bS100C7,1
aS110C7,1
bS110C7,1
cS110C7,1
dS110C7,1
eS110C7,1
fS110C7,1
gS110C7,1
hS110C7,1
iS110C7,1
jS110C7,1
kS110C7,1
lS110C7,1
mS110C7,1
nS110C7,1
oS110C7,1
pS110C7,1
qS110C7,1
rS110C7,1
sS110C7,1
tS110C7,1
uS110C7,1
vS110C7,1
wS110C7,1
xS110C7,1
yS110C7,1
zS110C7,1
1S111C7,1
2S111C7,1
3S111C7,1
4S111C7,1
5S111C7,1
6S111C7,1
7S111C7,1
8S111C7,1
9S111C7,1
0S111C7,1
aS101C7,1
bS101C7,1
cS101C7,1
dS101C7,1
eS101C7,1
fS101C7,1
gS101C7,1
hS101C7,1
iS101C7,1
jS101C7,1
kS101C7,1
lS101C7,1
mS101C7,1
nS101C7,1
oS101C7,1
pS101C7,1
qS101C7,1
rS101C7,1
sS101C7,1
tS101C7,1
uS101C7,1
vS101C7,1
wS101C7,1
xS101C7,1
yS101C7,1
zS101C7,1
AS111C7,1
BS111C7,1
CS111C7,1
DS111C7,1
ES111C7,1
FS111C7,1
GS111C7,1
HS111C7,1
IS111C7,1
JS111C7,1
KS111C7,1
LS111C7,1
MS111C7,1
NS111C7,1
OS111C7,1
PS111C7,1
QS111C7,1
RS111C7,1
SS111C7,1
TS111C7,1
US111C7,1
VS111C7,1
WS111C7,1
XS111C7,1
YS111C7,1
ZS111C7,1
aS111C7,1
bS111C7,1
cS111C7,1
dS111C7,1
eS111C7,1
fS111C7,1
gS111C7,1
hS111C7,1
iS111C7,1
jS111C7,1
kS111C7,1
lS111C7,1
mS111C7,1
nS111C7,1
oS111C7,1
pS111C7,1
qS111C7,1
rS111C7,1
sS111C7,1
tS111C7,1
uS111C7,1
vS111C7,1
wS111C7,1
xS111C7,1
yS111C7,1
zS111C7,1
AS010C7,1
CS010C7,1
DS010C7,1
ES010C7,1
FS010C7,1
GS010C7,1
HS010C7,1
IS010C7,1
JS010C7,1
KS010C7,1
LS010C7,1
MS010C7,1
NS010C7,1
OS010C7,1
PS010C7,1
QS010C7,1
RS010C7,1
SS010C7,1
TS010C7,1
US010C7,1
VS010C7,1
WS010C7,1
XS010C7,1
YS010C7,1
ZS010C7,1
1S011C7,1
2S011C7,1
3S011C7,1
4S011C7,1
5S011C7,1
6S011C7,1
7S011C7,1
8S011C7,1
9S011C7,1
0S011C7,1
BS010C7,1
AS011C7,1
BS011C7,1
CS011C7,1
DS011C7,1
ES011C7,1
FS011C7,1
GS011C7,1
HS011C7,1
IS011C7,1
JS011C7,1
KS011C7,1
LS011C7,1
MS011C7,1
NS011C7,1
OS011C7,1
PS011C7,1
QS011C7,1
RS011C7,1
SS011C7,1
TS011C7,1
US011C7,1
VS011C7,1
WS011C7,1
XS011C7,1
YS011C7,1
ZS011C7,1
1S001C7,1
3S001C7,1
4S001C7,1
5S001C7,1
6S001C7,1
7S001C7,1
8S001C7,1
9S001C7,1
0S001C7,1
2S001C7,1
aS100C8,1
cS100C8,1
dS100C8,1
eS100C8,1
fS100C8,1
gS100C8,1
hS100C8,1
iS100C8,1
jS100C8,1
kS100C8,1
lS100C8,1
mS100C8,1
nS100C8,1
oS100C8,1
pS100C8,1
qS100C8,1
rS100C8,1
sS100C8,1
tS100C8,1
uS100C8,1
vS100C8,1
wS100C8,1
xS100C8,1
yS100C8,1
zS100C8,1
AS110C8,1
BS110C8,1
CS110C8,1
DS110C8,1
ES110C8,1
FS110C8,1
GS110C8,1
HS110C8,1
IS110C8,1
JS110C8,1
KS110C8,1
LS110C8,1
MS110C8,1
NS110C8,1
OS110C8,1
PS110C8,1
QS110C8,1
RS110C8,1
SS110C8,1
TS110C8,1
US110C8,1
VS110C8,1
WS110C8,1
XS110C8,1
YS110C8,1
ZS110C8,1
1S101C8,1
2S101C8,1
3S101C8,1
4S101C8,1
5S101C8,1
6S101C8,1
7S101C8,1
8S101C8,1
9S101C8,1
0S101C8,1
bS100C8,1
aS110C8,1
bS110C8,1
cS110C8,1
dS110C8,1
eS110C8,1
fS110C8,1
gS110C8,1
hS110C8,1
iS110C8,1
jS110C8,1
kS110C8,1
lS110C8,1
mS110C8,1
nS110C8,1
oS110C8,1
pS110C8,1
qS110C8,1
rS110C8,1
sS110C8,1
tS110C8,1
uS110C8,1
vS110C8,1
wS110C8,1
xS110C8,1
yS110C8,1
zS110C8,1
1S111C8,1
2S111C8,1
3S111C8,1
4S111C8,1
5S111C8,1
6S111C8,1
7S111C8,1
8S111C8,1
9S111C8,1
0S111C8,1
aS101C8,1
bS101C8,1
cS101C8,1
dS101C8,1
eS101C8,1
fS101C8,1
gS101C8,1
hS101C8,1
iS101C8,1
jS101C8,1
kS101C8,1
lS101C8,1
mS101C8,1
nS101C8,1
oS101C8,1
pS101C8,1
qS101C8,1
rS101C8,1
sS101C8,1
tS101C8,1
uS101C8,1
vS101C8,1
wS101C8,1
xS101C8,1
yS101C8,1
zS101C8,1
AS111C8,1
BS111C8,1
CS111C8,1
DS111C8,1
ES111C8,1
FS111C8,1
GS111C8,1
HS111C8,1
IS111C8,1
JS111C8,1
KS111C8,1
LS111C8,1
MS111C8,1
NS111C8,1
OS111C8,1
PS111C8,1
QS111C8,1
RS111C8,1
SS111C8,1
TS111C8,1
US111C8,1
VS111C8,1
WS111C8,1
XS111C8,1
YS111C8,1
ZS111C8,1
aS111C8,1
bS111C8,1
cS111C8,1
dS111C8,1
eS111C8,1
fS111C8,1
gS111C8,1
hS111C8,1
iS111C8,1
jS111C8,1
kS111C8,1
lS111C8,1
mS111C8,1
nS111C8,1
oS111C8,1
pS111C8,1
qS111C8,1
rS111C8,1
sS111C8,1
tS111C8,1
uS111C8,1
vS111C8,1
wS111C8,1
xS111C8,1
yS111C8,1
zS111C8,1
AS010C8,1
CS010C8,1
DS010C8,1
ES010C8,1
FS010C8,1
GS010C8,1
HS010C8,1
IS010C8,1
JS010C8,1
KS010C8,1
LS010C8,1
MS010C8,1
NS010C8,1
OS010C8,1
PS010C8,1
QS010C8,1
RS010C8,1
SS010C8,1
TS010C8,1
US010C8,1
VS010C8,1
WS010C8,1
XS010C8,1
YS010C8,1
ZS010C8,1
1S011C8,1
2S011C8,1
3S011C8,1
4S011C8,1
5S011C8,1
6S011C8,1
7S011C8,1
8S011C8,1
9S011C8,1
0S011C8,1
BS010C8,1
AS011C8,1
BS011C8,1
CS011C8,1
DS011C8,1
ES011C8,1
FS011C8,1
GS011C8,1
HS011C8,1
IS011C8,1
JS011C8,1
KS011C8,1
LS011C8,1
MS011C8,1
NS011C8,1
OS011C8,1
PS011C8,1
QS011C8,1
RS011C8,1
SS011C8,1
TS011C8,1
US011C8,1
VS011C8,1
WS011C8,1
XS011C8,1
YS011C8,1
ZS011C8,1
1S001C8,1
3S001C8,1
4S001C8,1
5S001C8,1
6S001C8,1
7S001C8,1
8S001C8,1
9S001C8,1
0S001C8,1
2S001C8,1